Gonsalve,Lesly,lesly@sample.edu,1
Oz,Sybyl,sybyl@sample.edu,2
Consalve,Tiffi,tiffi@sample.edu,3
Averill,Merle,merle@sample.edu,4
Rego,Janey,janey@sample.edu,5
Moberg,Clarice,clarice@sample.edu,6
Ferino,Blanche,blanche@sample.edu,7
Godewyn,Enrica,enrica@sample.edu,8
Dianne,Lauryn,lauryn@sample.edu,9
Celeski,Esther,esther@sample.edu,10
Bacchus,Lorain,lorain@sample.edu,11
Andris,Selestina,selestina@sample.edu,12
Berri,Vanna,vanna@sample.edu,13
Dunseath,Noelyn,noelyn@sample.edu,14
Almena,Emmy,emmy@sample.edu,15
Askari,Amata,amata@sample.edu,16
Stasny,Eliza,eliza@sample.edu,17
Merriman,Janet,janet@sample.edu,18
Cyrill,Ashli,ashli@sample.edu,19
Fugere,Korie,korie@sample.edu,20
Hilliary,Karly,karly@sample.edu,21
Blondie,Deeanne,deeanne@sample.edu,22
Murrell,Maryellen,maryellen@sample.edu,23
Zenger,Ann,ann@sample.edu,24
Huttan,Daniela,daniela@sample.edu,25
Creight,Daniella,daniella@sample.edu,26
Dilisio,Germain,germain@sample.edu,27
Howlan,Marillin,marillin@sample.edu,28
Friedberg,Ruthie,ruthie@sample.edu,29
Danny,Pegeen,pegeen@sample.edu,30
Dieterich,Daniele,daniele@sample.edu,31
Nevai,Joanna,joanna@sample.edu,32
Grous,Cordelie,cordelie@sample.edu,33
Groome,Amandie,amandie@sample.edu,34
Maibach,Kipp,kipp@sample.edu,35
Marek,Patty,patty@sample.edu,36
Keegan,Kassey,kassey@sample.edu,37
Heng,Ame,ame@sample.edu,38
Bigford,Norina,norina@sample.edu,39
Tillion,Lacey,lacey@sample.edu,40
De Witt,Deeann,deeann@sample.edu,41
Euphemia,Gigi,gigi@sample.edu,42
Shana,Dody,dody@sample.edu,43
Hyacinth,Eugenie,eugenie@sample.edu,44
Delmar,Veronica,veronica@sample.edu,45
Krueger,Row,row@sample.edu,46
Brunk,Leesa,leesa@sample.edu,47
Yacano,Mariya,mariya@sample.edu,48
Brnaba,Cherie,cherie@sample.edu,49
Orose,Jen,jen@sample.edu,50
Hecht,Viki,viki@sample.edu,51
Tracie,Amalia,amalia@sample.edu,52
Erik,Irita,irita@sample.edu,53
Osi,Emalee,emalee@sample.edu,54
Laney,Martha,martha@sample.edu,55
Laurita,Margette,margette@sample.edu,56
Harriman,Missie,missie@sample.edu,57
Reiners,Leda,leda@sample.edu,58
Carmine,Rachelle,rachelle@sample.edu,59
Adore,Willy,willy@sample.edu,60
Bach,Ingaberg,ingaberg@sample.edu,61
Gianni,Marcela,marcela@sample.edu,62
Hopkins,Monah,monah@sample.edu,63
Fulcher,Rosetta,rosetta@sample.edu,64
Gibbs,Louisa,louisa@sample.edu,65
Ariadne,Aubry,aubry@sample.edu,66
Hakeem,Jennilee,jennilee@sample.edu,67
Jocko,Gwenette,gwenette@sample.edu,68
Steinberg,Kaylil,kaylil@sample.edu,69
Tillie,Shaylynn,shaylynn@sample.edu,70
Sherrard,Dody,dody@sample.edu,71
Bajaj,Odilia,odilia@sample.edu,72
McGinnis,Nariko,nariko@sample.edu,73
Chansoo,Yvette,yvette@sample.edu,74
Eustasius,Merralee,merralee@sample.edu,75
Zandra,Cathlene,cathlene@sample.edu,76
Gluck,Aurie,aurie@sample.edu,77
Lavelle,Lilah,lilah@sample.edu,78
Susy,Ardith,ardith@sample.edu,79
Melborn,Chrystel,chrystel@sample.edu,80
Charry,Gwenneth,gwenneth@sample.edu,81
Small,Zoe,zoe@sample.edu,82
Amelie,Eveline,eveline@sample.edu,83
Gardia,Minetta,minetta@sample.edu,84
Jessabell,Chelsey,chelsey@sample.edu,85
Anzovin,Maddi,maddi@sample.edu,86
Lachish,Teresa,teresa@sample.edu,87
Whetstone,Pavia,pavia@sample.edu,88
Clementis,Jaime,jaime@sample.edu,89
Petronilla,Rhianon,rhianon@sample.edu,90
Enalda,Jasmin,jasmin@sample.edu,91
Vareck,Bobbee,bobbee@sample.edu,92
Jewel,Malena,malena@sample.edu,93
Witte,Dorey,dorey@sample.edu,94
Bilbe,Cornelle,cornelle@sample.edu,95
Malek,Eula,eula@sample.edu,96
Peh,Rivi,rivi@sample.edu,97
Reine,Chastity,chastity@sample.edu,98
Nereus,Nat,nat@sample.edu,99
Burkle,Karyn,karyn@sample.edu,100
Ozen,Marilee,marilee@sample.edu,101
Susette,Marcelia,marcelia@sample.edu,102
Ellis,Josie,josie@sample.edu,103
Magocsi,Lexie,lexie@sample.edu,104
Girardo,Viola,viola@sample.edu,105
Nine,Mallissa,mallissa@sample.edu,106
Vassaux,Belvia,belvia@sample.edu,107
Schellens,Gerladina,gerladina@sample.edu,108
Maxine,Christabel,christabel@sample.edu,109
Larimer,Chanda,chanda@sample.edu,110
