Kallista,Valina,valina@sample.edu,1
Curcio,Perle,perle@sample.edu,2
Pich,Anastasie,anastasie@sample.edu,3
Sikata,Kendra,kendra@sample.edu,4
Genvieve,Kylila,kylila@sample.edu,5
Dotti,Kimmie,kimmie@sample.edu,6
Jefferey,Correy,correy@sample.edu,7
Jegger,Hilda,hilda@sample.edu,8
Dhu,Brunhilde,brunhilde@sample.edu,9
Guillemette,Germaine,germaine@sample.edu,10
Elwira,Risa,risa@sample.edu,11
Benoite,Lusa,lusa@sample.edu,12
Lagasse,Zaneta,zaneta@sample.edu,13
Lazos,Florry,florry@sample.edu,14
Wilma,Valentia,valentia@sample.edu,15
Hochman,Wylma,wylma@sample.edu,16
Haslam,Mead,mead@sample.edu,17
Dunlavy,Anitra,anitra@sample.edu,18
Jansen,Arabela,arabela@sample.edu,19
Hammerskjold,Orsola,orsola@sample.edu,20
Malissia,Melba,melba@sample.edu,21
Katzen,Chery,chery@sample.edu,22
Liba,Ree,ree@sample.edu,23
Dripps,Cristina,cristina@sample.edu,24
Cinnamon,Greta,greta@sample.edu,25
Brooke,Flss,flss@sample.edu,26
Sprung,Noelani,noelani@sample.edu,27
Zenda,Miguela,miguela@sample.edu,28
Callum,Nicolette,nicolette@sample.edu,29
Stephenie,Giuditta,giuditta@sample.edu,30
MacIlroy,Maryann,maryann@sample.edu,31
Woehick,Shaun,shaun@sample.edu,32
Yetac,Aubine,aubine@sample.edu,33
Erminie,Lynne,lynne@sample.edu,34
Lloyd,Cacilia,cacilia@sample.edu,35
Car,Ally,ally@sample.edu,36
Riobard,Elnore,elnore@sample.edu,37
Bollinger,Carlene,carlene@sample.edu,38
Mott,Caryn,caryn@sample.edu,39
Mourant,Florri,florri@sample.edu,40
Greenleaf,Ardelle,ardelle@sample.edu,41
Tullus,Joby,joby@sample.edu,42
Balthazar,Melany,melany@sample.edu,43
Bebe,Mariquilla,mariquilla@sample.edu,44
Lysander,Zarla,zarla@sample.edu,45
Jacoba,Rosalinde,rosalinde@sample.edu,46
Garlanda,Sallyann,sallyann@sample.edu,47
Dirk,Gwendolen,gwendolen@sample.edu,48
Fleece,Cristal,cristal@sample.edu,49
Rodney,Vinita,vinita@sample.edu,50
Lannie,Catlaina,catlaina@sample.edu,51
Drobman,Cinderella,cinderella@sample.edu,52
Wyne,Leandra,leandra@sample.edu,53
Brynna,Charmion,charmion@sample.edu,54
Anyah,Kenna,kenna@sample.edu,55
Adabel,Anselma,anselma@sample.edu,56
Coralyn,Arabella,arabella@sample.edu,57
Chaddy,Lizabeth,lizabeth@sample.edu,58
Inigo,Cherin,cherin@sample.edu,59
Vezza,Suzette,suzette@sample.edu,60
Byron,Ophelie,ophelie@sample.edu,61
Arria,Olimpia,olimpia@sample.edu,62
Vey,Bab,bab@sample.edu,63
Adda,Demetra,demetra@sample.edu,64
Boote,Ddene,ddene@sample.edu,65
Addiego,Joy,joy@sample.edu,66
Hock,Anthe,anthe@sample.edu,67
Bucella,Devina,devina@sample.edu,68
Reisman,Alta,alta@sample.edu,69
Marje,Tandi,tandi@sample.edu,70
Hermon,Daffie,daffie@sample.edu,71
Athena,Edi,edi@sample.edu,72
Sapphera,Gloriana,gloriana@sample.edu,73
Emanuel,Stefanie,stefanie@sample.edu,74
Caniff,Cinda,cinda@sample.edu,75
Otes,Corinna,corinna@sample.edu,76
Cass,Aridatha,aridatha@sample.edu,77
Lonni,Austine,austine@sample.edu,78
Lordan,Krystalle,krystalle@sample.edu,79
Adoree,Teddie,teddie@sample.edu,80
Dwinnell,Keriann,keriann@sample.edu,81
Ingra,Jemmie,jemmie@sample.edu,82
Verada,Bridgette,bridgette@sample.edu,83
Sierra,Essie,essie@sample.edu,84
Caneghem,Georgette,georgette@sample.edu,85
Pond,Theresa,theresa@sample.edu,86
Mariya,Toby,toby@sample.edu,87
Zavras,Loree,loree@sample.edu,88
Coletta,Margot,margot@sample.edu,89
Granny,Marys,marys@sample.edu,90
Maris,Ki,ki@sample.edu,91
Benny,Marci,marci@sample.edu,92
Rosemarie,Carola,carola@sample.edu,93
Lammond,Shellie,shellie@sample.edu,94
Nich,Lyn,lyn@sample.edu,95
Wanda,Lilla,lilla@sample.edu,96
Maiocco,Anjanette,anjanette@sample.edu,97
Bloom,Fara,fara@sample.edu,98
Dredi,Anica,anica@sample.edu,99
Ashbey,Malinde,malinde@sample.edu,100
Thormora,Bethany,bethany@sample.edu,101
Elsy,Felipa,felipa@sample.edu,102
Fleisher,Molly,molly@sample.edu,103
Zolner,Cathlene,cathlene@sample.edu,104
Darwin,Hanny,hanny@sample.edu,105
Shirlie,Henryetta,henryetta@sample.edu,106
Ancelin,Cherrita,cherrita@sample.edu,107
Marcie,Leodora,leodora@sample.edu,108
Combes,Lindsay,lindsay@sample.edu,109
Gaul,Carroll,carroll@sample.edu,110